{"cameraMode":{"drawMode":0,"name":"Shaded","section":"Shading Mode"},"sceneLighting":true,"audioPlay":false,"sceneViewState":{"showFog":true,"showMaterialUpdate":false,"showSkybox":true,"showFlares":true,"showImageEffects":true,"showParticleSystems":true},"in2DMode":false,"pivot":{"x":0.6767504215240479,"y":-0.16440320014953614,"z":-10.73032283782959},"rotation":{"x":0.0009678670321591198,"y":0.9978798031806946,"z":-0.0632600262761116,"w":0.015269240364432335},"size":12.28834342956543,"orthographic":false}